{"ts_ms": 1776520873560, "generated_at": "2026-04-18T14:01:13.560839+00:00", "degrade": 1, "degrade_review": false, "degrade_review_reasons": [], "status": {"degrade": 1, "valid": false, "reasons": ["ece=0.7256 > 0.06", "mce=0.7646 > 0.12", "brier=0.7212 > 0.24", "prec=0.3763 < 0.55", "calibration_slope=0.0682 < 0.7", "abs(calibration_intercept)=1.8475 > 0.2"], "promoted_just_now": false, "promotion_reason": "Candidate invalid: ece=0.7256 > 0.06, mce=0.7646 > 0.12, brier=0.7212 > 0.24, prec=0.3763 < 0.55, calibration_slope=0.0682 < 0.7, abs(calibration_intercept)=1.8475 > 0.2", "degrade_review": false, "degrade_review_reasons": []}, "ece_cal": 0.7256474786281466, "mce_cal": 0.7645500000000001, "brier_cal": 0.7212136089584006, "precision_top5p": 0.376271186440678, "calibration_slope": 0.06818241701252357, "calibration_intercept": -1.8474924086624893, "sharpness_mean": 0.9841552377090723, "sharpness_entropy": 0.034731094945557116, "prob_mass_near_half": 0.0, "n": 5919, "bundle_version": null, "champion_version": "none", "candidate_version": null, "GLOBAL": {"ts_ms": 1776520873560, "ece_cal": 0.7256474786281466, "mce_cal": 0.7645500000000001, "brier_cal": 0.7212136089584006, "precision_top5p": 0.376271186440678, "calibration_slope": 0.06818241701252357, "calibration_intercept": -1.8474924086624893, "sharpness_mean": 0.9841552377090723, "sharpness_entropy": 0.034731094945557116, "prob_mass_near_half": 0.0, "n": 5919, "champion": {"ece_cal": 1.0, "mce_cal": 1.0, "brier_cal": 1.0, "precision_top5p": 0.0, "calibration_slope": NaN, "calibration_intercept": NaN, "sharpness_mean": 0.0, "sharpness_entropy": 1.0, "prob_mass_near_half": 1.0, "n": 5919}, "challenger": {"ece_cal": 0.7256474786281466, "mce_cal": 0.7645500000000001, "brier_cal": 0.7212136089584006, "precision_top5p": 0.376271186440678, "calibration_slope": 0.06818241701252357, "calibration_intercept": -1.8474924086624893, "sharpness_mean": 0.9841552377090723, "sharpness_entropy": 0.034731094945557116, "prob_mass_near_half": 0.0, "n": 5919}, "delta": {"ece_cal": -0.2743525213718534, "mce_cal": -0.23544999999999994, "brier_cal": -0.2787863910415994, "precision_top5p": 0.376271186440678, "sharpness_mean": 0.9841552377090723, "prob_mass_near_half": -1.0, "n": 5919}, "cohorts": {"agg": {"cohort_n": 4, "n": 5919, "min_n_cohort": 200, "delta_ece_cal_wmean": 0.0, "delta_brier_cal_wmean": 0.0}, "worst": {"key": "NA|EU|na", "n": 1516, "delta_ece_cal_max": 0.0, "delta_brier_cal_max": 0.0}}}, "arms": {"active": {"ece_cal": 0.7256474786281466, "mce_cal": 0.7645500000000001, "brier_cal": 0.7212136089584006, "precision_top5p": 0.376271186440678, "calibration_slope": 0.06818241701252357, "calibration_intercept": -1.8474924086624893, "sharpness_mean": 0.9841552377090723, "sharpness_entropy": 0.034731094945557116, "prob_mass_near_half": 0.0, "n": 5919}, "champion": {"ece_cal": 1.0, "mce_cal": 1.0, "brier_cal": 1.0, "precision_top5p": 0.0, "calibration_slope": NaN, "calibration_intercept": NaN, "sharpness_mean": 0.0, "sharpness_entropy": 1.0, "prob_mass_near_half": 1.0, "n": 5919}, "challenger": {"ece_cal": 0.7256474786281466, "mce_cal": 0.7645500000000001, "brier_cal": 0.7212136089584006, "precision_top5p": 0.376271186440678, "calibration_slope": 0.06818241701252357, "calibration_intercept": -1.8474924086624893, "sharpness_mean": 0.9841552377090723, "sharpness_entropy": 0.034731094945557116, "prob_mass_near_half": 0.0, "n": 5919}, "delta": {"ece_cal": -0.2743525213718534, "mce_cal": -0.23544999999999994, "brier_cal": -0.2787863910415994, "precision_top5p": 0.376271186440678, "sharpness_mean": 0.9841552377090723, "prob_mass_near_half": -1.0, "n": 5919}}, "cohorts": {"items": [{"key": "NA|NY|na", "n": 3135, "champ": {"ece": 0.6430609263157896, "mce": 0.7638666666666668, "brier": 0.6420958997393288, "calibration_slope": 0.08735461672860285, "calibration_intercept": -1.7299220954500967, "sharpness_mean": 0.9948937824561402, "sharpness_entropy": 0.013724578192963301, "prob_mass_near_half": 0.0, "precision_top5p": 0.358974358974359, "n": 3135}, "cand": {"ece": 0.6430609263157896, "mce": 0.7638666666666668, "brier": 0.6420958997393288, "calibration_slope": 0.08735461672860285, "calibration_intercept": -1.7299220954500967, "sharpness_mean": 0.9948937824561402, "sharpness_entropy": 0.013724578192963301, "prob_mass_near_half": 0.0, "precision_top5p": 0.358974358974359, "n": 3135}, "delta": {"ece_cal": 0.0, "brier_cal": 0.0}}, {"key": "NA|EU|na", "n": 1516, "champ": {"ece": 0.7750580514511873, "mce": 0.7990307692307692, "brier": 0.7598679210559327, "calibration_slope": 0.04994540647286201, "calibration_intercept": -1.8671607185210808, "sharpness_mean": 0.9511715118733508, "sharpness_entropy": 0.10102395638513528, "prob_mass_near_half": 0.0, "precision_top5p": 0.29333333333333333, "n": 1516}, "cand": {"ece": 0.7750580514511873, "mce": 0.7990307692307692, "brier": 0.7598679210559327, "calibration_slope": 0.04994540647286201, "calibration_intercept": -1.8671607185210808, "sharpness_mean": 0.9511715118733508, "sharpness_entropy": 0.10102395638513528, "prob_mass_near_half": 0.0, "precision_top5p": 0.29333333333333333, "n": 1516}, "delta": {"ece_cal": 0.0, "brier_cal": 0.0}}, {"key": "NA|ASIA|na", "n": 892, "champ": {"ece": 0.8639672488789238, "mce": 0.8749, "brier": 0.8631878429605536, "calibration_slope": -0.04169220257759342, "calibration_intercept": -1.3219700740356368, "sharpness_mean": 0.9958268744394618, "sharpness_entropy": 0.01035347622793818, "prob_mass_near_half": 0.0, "precision_top5p": 0.0, "n": 892}, "cand": {"ece": 0.8639672488789238, "mce": 0.8749, "brier": 0.8631878429605536, "calibration_slope": -0.04169220257759342, "calibration_intercept": -1.3219700740356368, "sharpness_mean": 0.9958268744394618, "sharpness_entropy": 0.01035347622793818, "prob_mass_near_half": 0.0, "precision_top5p": 0.0, "n": 892}, "delta": {"ece_cal": 0.0, "brier_cal": 0.0}}, {"key": "NA|OFF|na", "n": 376, "champ": {"ece": 0.8882569946808512, "mce": 0.8882569946808512, "brier": 0.8882164401605583, "calibration_slope": 1.8867133585556837, "calibration_intercept": -28.121250434785445, "sharpness_mean": 0.999918244680851, "sharpness_entropy": 0.000423350193156112, "prob_mass_near_half": 0.0, "precision_top5p": 0.1111111111111111, "n": 376}, "cand": {"ece": 0.8882569946808512, "mce": 0.8882569946808512, "brier": 0.8882164401605583, "calibration_slope": 1.8867133585556837, "calibration_intercept": -28.121250434785445, "sharpness_mean": 0.999918244680851, "sharpness_entropy": 0.000423350193156112, "prob_mass_near_half": 0.0, "precision_top5p": 0.1111111111111111, "n": 376}, "delta": {"ece_cal": 0.0, "brier_cal": 0.0}}], "agg": {"cohort_n": 4, "n": 5919, "min_n_cohort": 200, "delta_ece_cal_wmean": 0.0, "delta_brier_cal_wmean": 0.0}, "worst": {"key": "NA|EU|na", "n": 1516, "delta_ece_cal_max": 0.0, "delta_brier_cal_max": 0.0}}, "metrics": {"ece": 0.7256474786281466, "mce": 0.7645500000000001, "brier": 0.7212136089584006, "calibration_slope": 0.06818241701252357, "calibration_intercept": -1.8474924086624893, "sharpness_mean": 0.9841552377090723, "sharpness_entropy": 0.034731094945557116, "prob_mass_near_half": 0.0, "precision_top5p": 0.376271186440678, "n": 5919}, "valid": false, "thresholds": {"min_n": 400.0, "max_ece": 0.06, "max_mce": 0.12, "max_brier": 0.24, "min_prec": 0.55, "min_cal_slope": 0.7, "max_abs_cal_intercept": 0.2, "min_sharpness_mean": 0.02, "max_prob_mass_near_half": 0.6, "min_delta_ece": 0.005, "max_mce_regression": 0.002, "max_sharpness_drop": 0.05}}