{"last_run": 1776520873, "promoted": false, "reason": "Candidate invalid: ece=0.7256 > 0.06, mce=0.7646 > 0.12, brier=0.7212 > 0.24, prec=0.3763 < 0.55, calibration_slope=0.0682 < 0.7, abs(calibration_intercept)=1.8475 > 0.2", "degrade_review": false, "degrade_review_reasons": [], "candidate_metrics": {"ece": 0.7256474786281466, "mce": 0.7645500000000001, "brier": 0.7212136089584006, "calibration_slope": 0.06818241701252357, "calibration_intercept": -1.8474924086624893, "sharpness_mean": 0.9841552377090723, "sharpness_entropy": 0.034731094945557116, "prob_mass_near_half": 0.0, "precision_top5p": 0.376271186440678, "n": 5919}, "champion_metrics": {"ece": 1.0, "mce": 1.0, "brier": 1.0, "calibration_slope": NaN, "calibration_intercept": NaN, "sharpness_mean": 0.0, "sharpness_entropy": 1.0, "prob_mass_near_half": 1.0, "precision_top5p": 0.0, "n": 5919}, "delta": {"ece_cal": -0.2743525213718534, "mce_cal": -0.23544999999999994, "brier_cal": -0.2787863910415994, "precision_top5p": 0.376271186440678, "sharpness_mean": 0.9841552377090723, "prob_mass_near_half": -1.0, "n": 5919}, "thresholds": {"min_n": 400.0, "max_ece": 0.06, "max_mce": 0.12, "max_brier": 0.24, "min_prec": 0.55, "min_cal_slope": 0.7, "max_abs_cal_intercept": 0.2, "min_sharpness_mean": 0.02, "max_prob_mass_near_half": 0.6, "min_delta_ece": 0.005, "max_mce_regression": 0.002, "max_sharpness_drop": 0.05}}